{
    "sources": [
        {
            "abstract": "Resena realizada en el marco del proyecto de investigacion \"Racismo e Interculturalidad en el Chile Actual: estudio sobre la experiencia migrante en la comuna de Recoleta\", tesis para obtener el grado de Magister en Estudios Sociales y Politicos Latinoamericanos, de la Universidad Alberto Hurtado.",
            "annote": "MAG ID: 2759821873 S2ID: e744c6765378e14bd2b509e0ea802325bf7cc223",
            "author": [
                {
                    "literal": "Gonzalo Guzmán Torres"
                },
                {
                    "family": "Torres",
                    "given": "Gonzalo Guzmán"
                }
            ],
            "id": "gonzaloguzmantorresRESENAMARIAEMILIA2017",
            "issue": "26",
            "issued": {
                "date-parts": [
                    [
                        2017,
                        7
                    ]
                ]
            },
            "page": "167-180",
            "title": "RESEÑA: MARÍA EMILIA TIJOUX (EDITORA). RACISMO EN CHILE. LA PIEL COMO MARCA DE LA INMIGRACIÓN.",
            "title-short": "RESEÑA",
            "type": "article-journal",
            "volume": "15"
        },
        {
            "DOI": "10.1016/j.jpubeco.2012.10.009",
            "abstract": "Abstract Individual perceptions of income distribution play a vital role in political economy and public finance models, yet there is little evidence regarding their origins or accuracy. This study examines how individuals form these perceptions and explores their potential impact on preferences for redistribution. A tailored household survey provides original evidence on systematic biases in individuals’ evaluations of their own relative position in the income distribution. The study discusses one of the mechanisms that may generate such biases, based on the extrapolation of information from endogenous reference groups, and presents some suggestive evidence that this mechanism has significant explanatory power. The impact of these biased perceptions on attitudes toward redistributive policies is studied by means of an experimental design that was incorporated into the survey, which provided consistent information on the own-ranking within the income distribution to a randomly selected group of respondents. The evidence suggests that those who had overestimated their relative position and thought that they were relatively richer than they were tend to demand higher levels of redistribution when informed of their true ranking.",
            "annote": "MAG ID: 3122013459",
            "author": [
                {
                    "literal": "Guillermo Cruces"
                },
                {
                    "family": "Cruces",
                    "given": "Guillermo"
                },
                {
                    "literal": "Ricardo Pérez-Truglia"
                },
                {
                    "family": "Truglia",
                    "given": "Ricardo Nicolas Perez"
                },
                {
                    "family": "Perez-Truglia",
                    "given": "Ricardo"
                },
                {
                    "literal": "Martín Tetaz"
                },
                {
                    "family": "Tetaz",
                    "given": "Martin"
                }
            ],
            "container-title": "Journal of Public Economics",
            "id": "guillermocrucesBiasedPerceptionsIncome2013",
            "issued": {
                "date-parts": [
                    [
                        2013
                    ]
                ]
            },
            "page": "100-112",
            "title": "Biased perceptions of income distribution and preferences for redistribution: Evidence from a survey experiment ",
            "title-short": "Biased perceptions of income distribution and preferences for redistribution",
            "type": "article-journal",
            "volume": "98"
        },
        {
            "DOI": "10.55441/1668.7515.n17.15781",
            "abstract": "The article aims to show how the relation between migration, security and deportation of a particular migrant group is build. The research focuses in the case of Colombians in Antofagasta, a mining city in the north of Chile. We argue that the criminalization of Colombian migrants is closely linked to a racialization process, so that validation and legitimacy of deportation and rejection at the boarders are part of the same process. Migrants are placed across multiple lines: race, ethnic, class, gender and territorial boundaries within the city, thus deportation and rejection are the result of a previous process of systematic exclusion.We used a qualitative approach in this research, mainly through interviews with key informants, mostly actors linked to the generation and implementation of public policies —officials of the regional and local government, national legislators by the region, officials of the security forces, etc. —although not exclusively— also interviewed members of social organizations of and for migrants, some migrants living in informal settlements, Chilean neighbors and members of the Academy.The analysis of this specific case brings to the understanding of the ways in which the global regime of migration control is articulated with local processes that define its specific materialization. The case of Antofagasta enables a reflection on what happens with the policies of migration control in contexts of inequality framed in extractive economies, and in a city that has had a historical presence of migrant population.",
            "annote": "MAG ID: 2585265715 S2ID: 2b388f9ca726b04a548457b429e88cd1507a0dbb",
            "author": [
                {
                    "literal": "María Fernanda Stang"
                },
                {
                    "family": "Stang",
                    "given": "María Fernanda"
                },
                {
                    "literal": "Carolina Stefoni"
                },
                {
                    "family": "Stefoni",
                    "given": "Carolina"
                }
            ],
            "container-title": "Astrolabio",
            "id": "mariafernandastangMicrofisicaFronterasCriminalizacion2016",
            "issue": "17",
            "issued": {
                "date-parts": [
                    [
                        2016,
                        12
                    ]
                ]
            },
            "page": "42-80",
            "title": "La microfísica de las fronteras. Criminalización, racialización y expulsabilidad de los migrantes colombianos en antofagasta, chile",
            "type": "article-journal"
        },
        {
            "DOI": "10.1093/ser/mwy051",
            "ISSN": "1475-1461, 1475-147X",
            "abstract": "Abstract Inequality is on the rise: gains have been concentrated with a small elite, while most have seen their fortunes stagnate or fall. Despite what scholars and journalists consider a worrying trend, there is no evidence of growing popular concern about inequality. In fact, research suggests that citizens in unequal societies are less concerned than those in more egalitarian societies. How to make sense of this paradox? I argue that citizens’ consent to inequality is explained by their growing conviction that societal success is reflective of a meritocratic process. Drawing on 25 years of International Social Survey Program data, I show that rising inequality is legitimated by the popular belief that the income gap is meritocratically deserved: the more unequal a society, the more likely its citizens are to explain success in meritocratic terms, and the less important they deem nonmeritocratic factors such as a person’s family wealth and connections.",
            "accessed": {
                "date-parts": [
                    [
                        2024,
                        3,
                        26
                    ]
                ]
            },
            "author": [
                {
                    "family": "Mijs",
                    "given": "Jonathan J B"
                }
            ],
            "container-title": "Socio-Economic Review",
            "id": "mijsParadoxInequalityIncome2021",
            "issue": "1",
            "issued": {
                "date-parts": [
                    [
                        2021,
                        7
                    ]
                ]
            },
            "language": "en-US",
            "page": "7-35",
            "title": "The paradox of inequality: Income inequality and belief in meritocracy go hand in hand",
            "title-short": "The paradox of inequality",
            "type": "article-journal",
            "volume": "19"
        },
        {
            "DOI": "10.2307/j.ctv253f4j3.10",
            "abstract": "Este articulo senala que la teoria poscolonial hecha desde la academia conlleva una posicion elitista y androcentrica. La autora muestra que las practicas y luchas del movimiento feminista, tanto en los Estados Unidos como en America Latina, han generado una forma de teorizar lo poscolonial que con frecuencia es ignorada por la academia. Trazando un recorrido que va desde los movimientos feministas negros en los Estados Unidos, pasando por el feminismo chicano, el feminismo afrolatino y el feminismo indigena, la autora muestra que la teoria poscolonial se beneficiaria mucho de los grandes aportes que estos movimientos politicos han hecho al pensamiento sobre la dominacion colonial",
            "annote": "MAG ID: 1497048608 S2ID: e1700c6da05a900f3f45b42485dce59e3faa60b2",
            "author": [
                {
                    "literal": "Ochy Curiel"
                },
                {
                    "family": "Curiel",
                    "given": "Ochy"
                },
                {
                    "literal": "Ochy Curiel"
                }
            ],
            "container-title": "Nómadas",
            "id": "ochycurielCriticaPoscolonialDesde2007",
            "issue": "26",
            "issued": {
                "date-parts": [
                    [
                        2007,
                        1
                    ]
                ]
            },
            "page": "92-101",
            "title": "Crítica poscolonial desde las prácticas políticas del feminismo antirracista",
            "type": "article-journal"
        },
        {
            "DOI": "10.4067/s0718-65682011000200019",
            "abstract": "Este trabajo analiza los discursos de las mujeres/garzonas, que trabajan en las salas de cerveza (schoperias) sobre la discriminacion de genero y los modelos relacionales que se establecen en estos espacios entre clientes y garzonas. Se postula que estos aspectos recien mencionados, coadyuvan a la permanencia de una identidad masculina hegemonica, que se intensifica en el contexto de la mineria. Los antecedentes obtenidos muestran que las garzonas- en su mayoria mujeres oriundas de los paises limitrofes y/o del sur de Chile-, se encuentran afectadas por una situacion de vulnerabilidad social y economica, precariedad laboral y, ademas, cargan con una serie de imaginarios sociales en torno a ellas, a los lugares en los que trabajan (schoperias) y a la ciudad en la que habitan. Es decir, son mujeres discriminadas. Estas trabajadoras se encuentran atrapadas entre el proceso de crecimiento economico y atraccion que ofrece la industria minera en el norte del pais y, a la vez, a las expectativas que tienen por mejorar su situacion familiar. Asimismo, se ven confrontadas por la fuerza de un sistema sociocultural de sexo/genero hegemonico que favorece relaciones de poder asimetricas y la subordinacion femenina, lo que contribuye a reforzar identidades de genero y modelos relacionales de inequidad, que son naturalizados en este entorno productivo.",
            "annote": "MAG ID: 2115846990 S2ID: 71da86a2e4e7c54084c0b647e60cda107e0538e1",
            "author": [
                {
                    "literal": "Paulina Salinas"
                },
                {
                    "literal": "Paulina Salinas"
                },
                {
                    "family": "Salinas",
                    "given": "Paulina"
                },
                {
                    "literal": "Jaime Barrientos"
                },
                {
                    "family": "Barrientos",
                    "given": "Jaime"
                }
            ],
            "container-title": "Polis",
            "id": "paulinasalinasDiscursosGarzonasSalas2011",
            "issue": "29",
            "issued": {
                "date-parts": [
                    [
                        2011,
                        8
                    ]
                ]
            },
            "page": "433-461",
            "title": "Los discursos de las garzonas en las salas de cerveza del norte de Chile: Género y discriminación",
            "title-short": "Los discursos de las garzonas en las salas de cerveza del norte de Chile",
            "type": "article-journal",
            "volume": "10"
        }
    ],
    "project_biblios": []
}